{"eval/episode_reward_rotate_std":35.34934616088867,"eval/epoch_eval_time":378.3727135658264,"_wandb":{"runtime":554},"eval/episode_contact_any_std":8.092000007629395,"eval/episode_driver_joint_pos_std":57.00983810424805,"eval/episode_penalty_symmetry":0,"eval/episode_reward_std":39.60630798339844,"eval/episode_penalty_tip_y_std":16.116209030151367,"eval/episode_reward_reach_std":0.697214663028717,"eval/episode_contact_both_std":5.797001361846924,"eval/episode_reward":26.08184242248535,"eval/episode_penalty_symmetry_std":0,"_timestamp":1.7751419636549368e+09,"eval/sps":169.14538946758844,"eval/episode_reward_rotate":-10.12267017364502,"eval/episode_penalty_delta_action_std":0,"eval/avg_episode_length":500,"eval/episode_penalty_delta_action":0,"eval/episode_driver_joint_vel_std":10.110319137573242,"eval/episode_contact_left_std":6.499882698059082,"_step":0,"eval/episode_contact_right_std":7.2001543045043945,"eval/episode_contact_any":22.9375,"eval/episode_penalty_tip_penetration_std":0,"eval/walltime":378.3727135658264,"eval/episode_driver_joint_pos":-14.392328262329102,"eval/episode_contact_right":20.5390625,"eval/episode_contact_both":18.140625,"eval/std_episode_length":0,"_runtime":554.616145047,"eval/episode_reward_contact_bonus_std":2.4276010990142822,"eval/episode_contact_left":20.5390625,"eval/episode_penalty_tip_y":1.9467973709106445,"eval/episode_penalty_tip_penetration":0,"eval/episode_reward_contact_bonus":6.881251335144043,"eval/episode_driver_joint_vel":-2.8918399810791016,"eval/episode_reward_reach":31.270057678222656}